{
    "AX": {
        "error": 0.007483369617529307, 
        "fit": "average", 
        "value": 0.04072242196890747
    }, 
    "CDD": {
        "error": 2.325343793901812e-05, 
        "fit": "average", 
        "value": 0.00023018991259116212
    }, 
    "H1": {
        "error": 0.005681318291497657, 
        "fit": "average", 
        "value": -0.01922258683330673
    }, 
    "H2": {
        "error": 0.006054895683848411, 
        "fit": "average", 
        "value": 0.0652779089799316
    }, 
    "L1": {
        "error": 0.006509062347487943, 
        "fit": "average", 
        "value": 0.139524746625594
    }, 
    "L2": {
        "error": 0.0030624043203835434, 
        "fit": "average", 
        "value": -0.01251592971335797
    }
}