{
    "Ar36": {
        "error": 0.00027747660954811334, 
        "fit": "Linear", 
        "value": 0.011593222744673616
    }, 
    "Ar37": {
        "error": 0.005005599884437236, 
        "fit": "linear", 
        "value": 1.42336668040244
    }, 
    "Ar38": {
        "error": 0.012665756735562797, 
        "fit": "linear", 
        "value": 4.7300042681863985
    }, 
    "Ar39": {
        "error": 0.04482915539950095, 
        "fit": "Linear", 
        "value": 354.6300624260256
    }, 
    "Ar40": {
        "error": 0.08760418934042354, 
        "fit": "Linear", 
        "value": 1400.1744286735766
    }, 
    "Ar41": {
        "error": 0.004847274252559249, 
        "fit": "Average", 
        "value": 0.1429326483124771
    }
}