{
    "Ar36": {
        "error": 0.0006939060550883947, 
        "fit": "Parabolic", 
        "value": 0.19816991850427174
    }, 
    "Ar37": {
        "error": 0.0018950249678838635, 
        "fit": "linear", 
        "value": 0.02581743637362649
    }, 
    "Ar38": {
        "error": 0.004350983276926714, 
        "fit": "linear", 
        "value": 0.17212501557326604
    }, 
    "Ar39": {
        "error": 0.007270763766046378, 
        "fit": "Parabolic", 
        "value": 0.06377865908147762
    }, 
    "Ar40": {
        "error": 0.010635399690248674, 
        "fit": "Parabolic", 
        "value": 60.06908342846645
    }, 
    "Ar41": {
        "error": 0.004819831452026713, 
        "fit": "linear", 
        "value": 0.081661174278338
    }
}